﻿<?xml version="1.0" encoding="utf-8"?>
<HelpKI>
  <HelpKINode Title="BlankMessage field" Url="html/1d4d7f68-4fd4-b7ac-6fc6-4cc48562c9bd.htm" />
  <HelpKINode Title="CheckCharIsNotLetter method" Url="html/0bdd990d-22d8-b53e-dd43-6e6bb23677bc.htm" />
  <HelpKINode Title="CheckStringNullOrEmpty method" Url="html/f7540854-e8b5-8e5a-4d79-957dd68bdf1a.htm" />
  <HelpKINode Title="CheckStringNullOrWhiteSpace method" Url="html/f6d98272-3015-47ea-5cef-5f33b3be8766.htm" />
  <HelpKINode Title="CheckValueIsNull method" Url="html/28932aeb-80af-de47-9078-aa670a8725e2.htm" />
  <HelpKINode Title="ClearScreen method">
    <HelpKINode Title="GameRendererAdaptor.ClearScreen Method " Url="html/78869ad4-2fbe-72a4-afb6-629355bd2522.htm" />
    <HelpKINode Title="IRenderer.ClearScreen Method " Url="html/cb147ead-e1fb-6e40-b1fa-c872373a06a9.htm" />
    <HelpKINode Title="RendererBase.ClearScreen Method " Url="html/499ba782-70c6-8277-8242-42a2af126b24.htm" />
    <HelpKINode Title="RendererConsole.ClearScreen Method " Url="html/54b4fe2a-9271-c6d4-cda6-8624b162858b.htm" />
    <HelpKINode Title="TextRendererDecoratorBase.ClearScreen Method " Url="html/052ce753-7451-e438-c3c4-0c132e645274.htm" />
  </HelpKINode>
  <HelpKINode Title="Command class">
    <HelpKINode Title="Command Class" Url="html/6c8b1408-5645-600c-b424-4f87084dd8e1.htm" />
    <HelpKINode Title="about Command class" Url="html/6c8b1408-5645-600c-b424-4f87084dd8e1.htm" />
    <HelpKINode Title="constructor" Url="html/b56db843-844e-8e62-6cc1-1affcfb0d068.htm" />
    <HelpKINode Title="methods" Url="html/cb866a10-86af-456e-4caa-1d4908198036.htm" />
    <HelpKINode Title="properties" Url="html/ac192842-1356-60c5-6517-805e64e267de.htm" />
  </HelpKINode>
  <HelpKINode Title="Command.Command constructor" Url="html/b56db843-844e-8e62-6cc1-1affcfb0d068.htm" />
  <HelpKINode Title="Command.Move property" Url="html/3d339bf5-d079-2f8d-701f-6749568d6fd6.htm" />
  <HelpKINode Title="Command.TargetID property" Url="html/401e6399-a13f-8063-1e24-5b7b449ed110.htm" />
  <HelpKINode Title="CommandMoveDownLeft field" Url="html/9d8acea6-6df5-ab49-7f2c-4f54d0bed02a.htm" />
  <HelpKINode Title="CommandMoveDownRight field" Url="html/1d48eb49-5b5a-972d-4dcc-d47ed3f42e4f.htm" />
  <HelpKINode Title="CommandMoveUpLeft field" Url="html/9b98a648-0b26-c572-b801-1bb1a45615b8.htm" />
  <HelpKINode Title="CommandMoveUpRight field" Url="html/d752ae2a-9cee-7d84-84ad-c643f6067b3d.htm" />
  <HelpKINode Title="Coordinate structure">
    <HelpKINode Title="Coordinate Structure" Url="html/a8eccbdc-4620-8e7c-577e-c45c3f36689a.htm" />
    <HelpKINode Title="about Coordinate structure" Url="html/a8eccbdc-4620-8e7c-577e-c45c3f36689a.htm" />
    <HelpKINode Title="constructor" Url="html/90d15de6-c7a4-8ee0-1b1e-8764a9d8f0d6.htm" />
    <HelpKINode Title="methods" Url="html/b7101ae7-dd33-9c73-3930-0c79eb3ed3c6.htm" />
    <HelpKINode Title="properties" Url="html/a255c6e7-241a-76bd-9c71-ac247eee31da.htm" />
  </HelpKINode>
  <HelpKINode Title="Coordinate.Coordinate constructor" Url="html/90d15de6-c7a4-8ee0-1b1e-8764a9d8f0d6.htm" />
  <HelpKINode Title="Coordinate.Equals method" Url="html/947a098d-4654-2675-7160-d81eee362e73.htm" />
  <HelpKINode Title="Coordinate.X property" Url="html/96b45cec-3c6d-1b4e-99a2-dbf3b052e4b9.htm" />
  <HelpKINode Title="Coordinate.Y property" Url="html/175a21cf-3388-9d1f-a260-a7cc88b7afdf.htm" />
  <HelpKINode Title="Coordinates property">
    <HelpKINode Title="IPiece.Coordinates Property " Url="html/924ecc19-12be-27c7-a024-57601c14a352.htm" />
    <HelpKINode Title="Piece.Coordinates Property " Url="html/28ec287d-9165-29a9-c8f4-8d709a47f05e.htm" />
  </HelpKINode>
  <HelpKINode Title="CreateGamePiece method" Url="html/8a3011dd-e4c0-5958-6709-1d29c88fc052.htm" />
  <HelpKINode Title="CreateGamePieces method" Url="html/a20f2041-b642-72f7-e2eb-020d08f1bb38.htm" />
  <HelpKINode Title="CreatePiece method">
    <HelpKINode Title="Player1GamePieceBuilder.CreatePiece Method " Url="html/3440bde9-5e2b-a908-bec9-7cb032ebc56e.htm" />
    <HelpKINode Title="Player2GamePieceBuilder.CreatePiece Method " Url="html/85e96558-1c92-d30f-0052-63c779fe1018.htm" />
    <HelpKINode Title="PlayersGamePieceBuilder.CreatePiece Method " Url="html/2a5df429-c00f-c291-92eb-62e338b59553.htm" />
  </HelpKINode>
  <HelpKINode Title="CreatePlayer1Piece method">
    <HelpKINode Title="IGamePieceFactory.CreatePlayer1Piece Method " Url="html/e5c6f016-ee71-6017-4b48-51ebe35a40ba.htm" />
    <HelpKINode Title="PawnsAndKingsFactory.CreatePlayer1Piece Method " Url="html/ad77ace8-f2d5-262c-d6a7-afe90bda1ea0.htm" />
  </HelpKINode>
  <HelpKINode Title="CreatePlayer2Piece method">
    <HelpKINode Title="IGamePieceFactory.CreatePlayer2Piece Method " Url="html/44a97cd5-ebc1-ec07-7329-244fe80c380a.htm" />
    <HelpKINode Title="PawnsAndKingsFactory.CreatePlayer2Piece Method " Url="html/7d908951-c976-33f0-ee76-83f8578aae4c.htm" />
  </HelpKINode>
  <HelpKINode Title="DownLeft enumeration member" Url="html/99502eb6-faff-a23e-2e59-1b37149ec31a.htm" />
  <HelpKINode Title="DownRight enumeration member" Url="html/99502eb6-faff-a23e-2e59-1b37149ec31a.htm" />
  <HelpKINode Title="Equals method" Url="html/947a098d-4654-2675-7160-d81eee362e73.htm" />
  <HelpKINode Title="Factory field" Url="html/1f417ccd-1af2-e8eb-35bf-42cd9633787b.htm" />
  <HelpKINode Title="FindPieceToMove method">
    <HelpKINode Title="LogicPieceMover.FindPieceToMove Method " Url="html/9b18ba8f-f2a3-a86a-bdf9-4fb8e5d9dde4.htm" />
    <HelpKINode Title="LogicPlayer1PieceMover.FindPieceToMove Method " Url="html/33cc84d6-1991-593a-c638-682ab6cb963e.htm" />
    <HelpKINode Title="LogicPlayer2PieceMover.FindPieceToMove Method " Url="html/ec420942-0aa0-5938-531c-ce4bce9a7b04.htm" />
    <HelpKINode Title="LogicPlayerPieceMoverBase.FindPieceToMove Method " Url="html/312a997e-5727-5578-cfb4-cb79b5ac58dc.htm" />
  </HelpKINode>
  <HelpKINode Title="Game class">
    <HelpKINode Title="Game Class" Url="html/d767f59f-83e0-777a-5a46-7760f70cb172.htm" />
    <HelpKINode Title="about Game class" Url="html/d767f59f-83e0-777a-5a46-7760f70cb172.htm" />
    <HelpKINode Title="constructor" Url="html/86bd8819-f880-d06e-a63d-46b0f6df4c8b.htm" />
    <HelpKINode Title="methods" Url="html/8430b51f-e36b-482f-c609-a58a134b6fc6.htm" />
  </HelpKINode>
  <HelpKINode Title="Game.Game constructor" Url="html/86bd8819-f880-d06e-a63d-46b0f6df4c8b.htm" />
  <HelpKINode Title="Game.Start method" Url="html/6600b312-dae2-7e3b-d4d4-e925535dbf4a.htm" />
  <HelpKINode Title="GameBoard class">
    <HelpKINode Title="GameBoard Class" Url="html/806d1979-851d-da3f-ae0b-6508ae8e8593.htm" />
    <HelpKINode Title="about GameBoard class" Url="html/806d1979-851d-da3f-ae0b-6508ae8e8593.htm" />
    <HelpKINode Title="constructor" Url="html/81b3c3b1-d7fc-a57e-6513-bd15438fa529.htm" />
    <HelpKINode Title="methods" Url="html/7a68f7d7-b48d-c7ff-f0e8-6a9f5b0e5f94.htm" />
    <HelpKINode Title="properties" Url="html/6a130b88-c756-2d8e-0e8d-83e93414c8aa.htm" />
  </HelpKINode>
  <HelpKINode Title="GameBoard.GameBoard constructor" Url="html/81b3c3b1-d7fc-a57e-6513-bd15438fa529.htm" />
  <HelpKINode Title="GameBoard.Height property" Url="html/f98ddedb-2c38-3982-9bc8-b8e8f0e75bd8.htm" />
  <HelpKINode Title="GameBoard.Image property" Url="html/b56c2bcd-2677-d58d-c168-418466016394.htm" />
  <HelpKINode Title="GameBoard.Instance property" Url="html/a73b18c0-76ea-d5d8-f671-ab67ddedb498.htm" />
  <HelpKINode Title="GameBoard.Notify method" Url="html/92943965-135f-91ae-9c7b-89d26d43da37.htm" />
  <HelpKINode Title="GameBoard.PlayfieldSize property" Url="html/45d4c50d-bc7c-780a-b7a4-008c6d1759a4.htm" />
  <HelpKINode Title="GameBoard.Width property" Url="html/785fc928-f51b-c2cc-de04-20c48f221e01.htm" />
  <HelpKINode Title="GameConstants class">
    <HelpKINode Title="GameConstants Class" Url="html/ed7b8e36-33a3-025b-8b99-65af689b753e.htm" />
    <HelpKINode Title="about GameConstants class" Url="html/ed7b8e36-33a3-025b-8b99-65af689b753e.htm" />
    <HelpKINode Title="fields" Url="html/358e7c5c-c356-8339-c4b6-aba7342640c0.htm" />
  </HelpKINode>
  <HelpKINode Title="GameConstants.BlankMessage field" Url="html/1d4d7f68-4fd4-b7ac-6fc6-4cc48562c9bd.htm" />
  <HelpKINode Title="GameConstants.CommandMoveDownLeft field" Url="html/9d8acea6-6df5-ab49-7f2c-4f54d0bed02a.htm" />
  <HelpKINode Title="GameConstants.CommandMoveDownRight field" Url="html/1d48eb49-5b5a-972d-4dcc-d47ed3f42e4f.htm" />
  <HelpKINode Title="GameConstants.CommandMoveUpLeft field" Url="html/9b98a648-0b26-c572-b801-1bb1a45615b8.htm" />
  <HelpKINode Title="GameConstants.CommandMoveUpRight field" Url="html/d752ae2a-9cee-7d84-84ad-c643f6067b3d.htm" />
  <HelpKINode Title="GameConstants.IllegalMove field" Url="html/e49882f8-bf06-1873-5191-e0eb4bf81b50.htm" />
  <HelpKINode Title="GameConstants.KingLooses field" Url="html/3f8f833c-d28b-4fbb-c6f5-6d15043251ba.htm" />
  <HelpKINode Title="GameConstants.KingName field" Url="html/00c7d40b-b0e5-b1cb-fcf0-7325e6d46b0b.htm" />
  <HelpKINode Title="GameConstants.KingStartCol field" Url="html/be32523a-2625-224a-3221-b8c66bbaa723.htm" />
  <HelpKINode Title="GameConstants.KingStartRow field" Url="html/a82c77f4-48d3-028b-c11e-88b58d3e1876.htm" />
  <HelpKINode Title="GameConstants.KingWinsInXTurns field" Url="html/41356448-ea14-c014-784f-f4f0ae1babee.htm" />
  <HelpKINode Title="GameConstants.MessageShowTimeMilliseconds field" Url="html/9c311d22-9262-7304-f4ae-3c9ae9c69438.htm" />
  <HelpKINode Title="GameConstants.MessageToPlayerOffset field" Url="html/723fb81f-7fc0-c94a-2f1f-2fc9a7950021.htm" />
  <HelpKINode Title="GameConstants.PawnAName field" Url="html/42134608-7eb8-9208-ed2c-30d65701acae.htm" />
  <HelpKINode Title="GameConstants.PawnAStartCol field" Url="html/289a038a-9b05-b406-b7a8-adaea1979f14.htm" />
  <HelpKINode Title="GameConstants.PawnAStartRow field" Url="html/af49e683-e794-2d5f-4ceb-67eea836e25e.htm" />
  <HelpKINode Title="GameConstants.PawnBName field" Url="html/0efd28b1-ecb4-f1c7-d2d9-27da7bf8e842.htm" />
  <HelpKINode Title="GameConstants.PawnBStartCol field" Url="html/efcbce62-f423-2a70-d653-ef6b4e4a97b9.htm" />
  <HelpKINode Title="GameConstants.PawnBStartRow field" Url="html/7a97b64d-fa5f-02e7-facf-83a40257b7a3.htm" />
  <HelpKINode Title="GameConstants.PawnCName field" Url="html/013a09cd-f958-9127-a3ac-2769147d3e85.htm" />
  <HelpKINode Title="GameConstants.PawnCStartCol field" Url="html/e098207c-4b37-b3b2-6c96-824a2b77f068.htm" />
  <HelpKINode Title="GameConstants.PawnCStartRow field" Url="html/1c77fd63-9f7b-8e42-0a83-eaf04b556605.htm" />
  <HelpKINode Title="GameConstants.PawnDName field" Url="html/64d39684-b456-435b-b86b-042923fbf7e9.htm" />
  <HelpKINode Title="GameConstants.PawnDStartCol field" Url="html/c443dea5-24ff-8c64-a21e-d3634e226d87.htm" />
  <HelpKINode Title="GameConstants.PawnDStartRow field" Url="html/a36745ee-83f0-f7e6-92c5-8a2463c62dbd.htm" />
  <HelpKINode Title="GameConstants.Player1Turn field" Url="html/767b16ad-7601-2390-5ea5-ae6834b9bc48.htm" />
  <HelpKINode Title="GameConstants.Player2Turn field" Url="html/2c15f76f-9294-9b4a-6130-35e69c841d44.htm" />
  <HelpKINode Title="GameController class">
    <HelpKINode Title="GameController Class" Url="html/13f112d3-6cb0-ec27-b3bb-0b8493b164d3.htm" />
    <HelpKINode Title="about GameController class" Url="html/13f112d3-6cb0-ec27-b3bb-0b8493b164d3.htm" />
    <HelpKINode Title="constructor" Url="html/5abc3826-f24b-4b8e-dca9-9bc7271a1a67.htm" />
    <HelpKINode Title="methods" Url="html/d222161d-d158-2652-de6a-55cfbc126472.htm" />
  </HelpKINode>
  <HelpKINode Title="GameController.GameController constructor" Url="html/5abc3826-f24b-4b8e-dca9-9bc7271a1a67.htm" />
  <HelpKINode Title="GameController.GetCommand method" Url="html/80575aa1-bc64-9b39-fd91-5203fd376287.htm" />
  <HelpKINode Title="GameController.PressAnyKey method" Url="html/94a085cd-21c9-70c2-1012-ca80e31e9d88.htm" />
  <HelpKINode Title="GameEngine class">
    <HelpKINode Title="GameEngine Class" Url="html/f225de93-5d77-16f3-6594-8346f2b05c05.htm" />
    <HelpKINode Title="about GameEngine class" Url="html/f225de93-5d77-16f3-6594-8346f2b05c05.htm" />
    <HelpKINode Title="constructor" Url="html/bd945c37-6be7-d077-f8fa-df067f4ae19e.htm" />
    <HelpKINode Title="methods" Url="html/ae858392-452c-d4f7-df72-1ea60adb5869.htm" />
  </HelpKINode>
  <HelpKINode Title="GameEngine.GameEngine constructor" Url="html/bd945c37-6be7-d077-f8fa-df067f4ae19e.htm" />
  <HelpKINode Title="GameEngine.StartGame method" Url="html/ffe7e2d5-f287-3f54-f6eb-46abad63ace0.htm" />
  <HelpKINode Title="GameRendererAdaptor class">
    <HelpKINode Title="GameRendererAdaptor Class" Url="html/a9462c27-face-6ffb-421a-e0ed9c71d276.htm" />
    <HelpKINode Title="about GameRendererAdaptor class" Url="html/a9462c27-face-6ffb-421a-e0ed9c71d276.htm" />
    <HelpKINode Title="constructor" Url="html/ce7c87a6-95e7-476a-b02f-1757f1ff4e54.htm" />
    <HelpKINode Title="methods" Url="html/92e8a01e-46b4-3f4a-7130-7e32992ae7f1.htm" />
  </HelpKINode>
  <HelpKINode Title="GameRendererAdaptor.ClearScreen method" Url="html/78869ad4-2fbe-72a4-afb6-629355bd2522.htm" />
  <HelpKINode Title="GameRendererAdaptor.GameRendererAdaptor constructor" Url="html/ce7c87a6-95e7-476a-b02f-1757f1ff4e54.htm" />
  <HelpKINode Title="GameRendererAdaptor.Render method" Url="html/b8fefa10-2822-aa0d-b75a-c961f3ef25a0.htm" />
  <HelpKINode Title="GameRendererAdaptor.RenderText method" Url="html/c30bafe9-217d-7cfd-aa42-15d726bf3e8c.htm" />
  <HelpKINode Title="GetCommand method">
    <HelpKINode Title="GameController.GetCommand Method " Url="html/80575aa1-bc64-9b39-fd91-5203fd376287.htm" />
    <HelpKINode Title="IController.GetCommand Method " Url="html/ac7dd3ab-3d8d-9243-7d65-e592dc16fd3a.htm" />
  </HelpKINode>
  <HelpKINode Title="GetGamePiece method" Url="html/aef5a653-6c5d-67b3-4020-fe69d20d04dc.htm" />
  <HelpKINode Title="GetNewCoordinates method">
    <HelpKINode Title="IPiece.GetNewCoordinates Method " Url="html/d62fd3b5-6e74-e105-1d07-6d317f047b1b.htm" />
    <HelpKINode Title="Piece.GetNewCoordinates Method " Url="html/66a39724-75ba-4e2d-8c9a-c514d868c9dd.htm" />
    <HelpKINode Title="PieceKing.GetNewCoordinates Method " Url="html/47dc6b77-7c62-a7c9-464a-e715faf70138.htm" />
    <HelpKINode Title="PiecePawn.GetNewCoordinates Method " Url="html/8a5723f8-653d-2e52-8f2a-4bb390ce50ee.htm" />
  </HelpKINode>
  <HelpKINode Title="GetPiece method">
    <HelpKINode Title="Player1GamePieceBuilder.GetPiece Method " Url="html/40e38086-909c-74be-6d14-7a9b429ce473.htm" />
    <HelpKINode Title="Player2GamePieceBuilder.GetPiece Method " Url="html/35e4d11e-0d5c-7054-ec80-098c585188b5.htm" />
    <HelpKINode Title="PlayersGamePieceBuilder.GetPiece Method " Url="html/3a275d4a-d870-2423-0956-29646aa07edb.htm" />
  </HelpKINode>
  <HelpKINode Title="Height property">
    <HelpKINode Title="GameBoard.Height Property " Url="html/f98ddedb-2c38-3982-9bc8-b8e8f0e75bd8.htm" />
    <HelpKINode Title="IGameBoard.Height Property " Url="html/de6dea5a-8170-bd5b-2caa-f1e28e06ed64.htm" />
  </HelpKINode>
  <HelpKINode Title="ICommand interface">
    <HelpKINode Title="ICommand Interface" Url="html/f3db83fb-29f2-6d14-d351-4e0039d98f85.htm" />
    <HelpKINode Title="about ICommand interface" Url="html/f3db83fb-29f2-6d14-d351-4e0039d98f85.htm" />
    <HelpKINode Title="properties" Url="html/df7765bd-90ac-fa57-b812-fd0c0e564b16.htm" />
  </HelpKINode>
  <HelpKINode Title="ICommand.Move property" Url="html/3576a566-00ef-10a5-3d38-cec48fe203cd.htm" />
  <HelpKINode Title="ICommand.TargetID property" Url="html/dd5d9d50-3363-dc26-195f-ad35135afdca.htm" />
  <HelpKINode Title="IController interface">
    <HelpKINode Title="IController Interface" Url="html/9378bce4-2263-c613-0490-f4c4feb0bd75.htm" />
    <HelpKINode Title="about IController interface" Url="html/9378bce4-2263-c613-0490-f4c4feb0bd75.htm" />
    <HelpKINode Title="methods" Url="html/56bc57c9-810b-8ae1-391a-cc4e7e351f9e.htm" />
  </HelpKINode>
  <HelpKINode Title="IController.GetCommand method" Url="html/ac7dd3ab-3d8d-9243-7d65-e592dc16fd3a.htm" />
  <HelpKINode Title="IController.PressAnyKey method" Url="html/a36b0f23-0f7b-9fb7-ab30-7a615fceab2b.htm" />
  <HelpKINode Title="ICoordinates interface">
    <HelpKINode Title="ICoordinates Interface" Url="html/b71d5324-53a1-5e69-13fa-766f34b17cab.htm" />
    <HelpKINode Title="about ICoordinates interface" Url="html/b71d5324-53a1-5e69-13fa-766f34b17cab.htm" />
    <HelpKINode Title="methods" Url="html/a11494cb-801b-4b18-adc6-3ea3bed390cc.htm" />
    <HelpKINode Title="properties" Url="html/0fcf63a6-e5e1-c192-b487-fbe084034c11.htm" />
  </HelpKINode>
  <HelpKINode Title="ICoordinates.X property" Url="html/31be4f61-8ba3-2fd8-06a9-97a8f1c29ffd.htm" />
  <HelpKINode Title="ICoordinates.Y property" Url="html/ac386b04-e0da-fc0f-7347-bd6b7e1bfc24.htm" />
  <HelpKINode Title="ID property">
    <HelpKINode Title="IPiece.ID Property " Url="html/5dd1b117-bb49-d633-b5ea-e06666f9ecc6.htm" />
    <HelpKINode Title="Piece.ID Property " Url="html/a45a0c9a-d4eb-21b9-0e5d-8845e3d9b6db.htm" />
  </HelpKINode>
  <HelpKINode Title="IGameBoard interface">
    <HelpKINode Title="IGameBoard Interface" Url="html/2192f51d-37e7-212f-679f-4e3163d8bce2.htm" />
    <HelpKINode Title="about IGameBoard interface" Url="html/2192f51d-37e7-212f-679f-4e3163d8bce2.htm" />
    <HelpKINode Title="methods" Url="html/b0955446-cdad-e11e-932a-03a75d980fc2.htm" />
    <HelpKINode Title="properties" Url="html/4571fe31-f588-85b6-cbff-9a727ca62ca8.htm" />
  </HelpKINode>
  <HelpKINode Title="IGameBoard.Height property" Url="html/de6dea5a-8170-bd5b-2caa-f1e28e06ed64.htm" />
  <HelpKINode Title="IGameBoard.PlayfieldSize property" Url="html/908cd84a-729b-ef5a-616c-4a0db01e2019.htm" />
  <HelpKINode Title="IGameBoard.Width property" Url="html/be4ac7cb-e0ff-26b0-8213-5e5c2181b44f.htm" />
  <HelpKINode Title="IGamePieceFactory interface">
    <HelpKINode Title="IGamePieceFactory Interface" Url="html/6e5d1d57-3617-0d9d-7909-01d3bc2b69dd.htm" />
    <HelpKINode Title="about IGamePieceFactory interface" Url="html/6e5d1d57-3617-0d9d-7909-01d3bc2b69dd.htm" />
    <HelpKINode Title="methods" Url="html/28805397-2df8-309d-d04b-8091ea3227cb.htm" />
  </HelpKINode>
  <HelpKINode Title="IGamePieceFactory.CreatePlayer1Piece method" Url="html/e5c6f016-ee71-6017-4b48-51ebe35a40ba.htm" />
  <HelpKINode Title="IGamePieceFactory.CreatePlayer2Piece method" Url="html/44a97cd5-ebc1-ec07-7329-244fe80c380a.htm" />
  <HelpKINode Title="IGamePieceObserver interface">
    <HelpKINode Title="IGamePieceObserver Interface" Url="html/b90e5689-d5a5-9c33-6d3c-2b14a78a5233.htm" />
    <HelpKINode Title="about IGamePieceObserver interface" Url="html/b90e5689-d5a5-9c33-6d3c-2b14a78a5233.htm" />
    <HelpKINode Title="methods" Url="html/e7680f75-ba12-fa0d-67c5-1ab51c569d8d.htm" />
  </HelpKINode>
  <HelpKINode Title="IGamePieceObserver.Notify method" Url="html/838c3f6e-629f-2091-d011-6f7031ba233a.htm" />
  <HelpKINode Title="IllegalMove field" Url="html/e49882f8-bf06-1873-5191-e0eb4bf81b50.htm" />
  <HelpKINode Title="Image property">
    <HelpKINode Title="GameBoard.Image Property " Url="html/b56c2bcd-2677-d58d-c168-418466016394.htm" />
    <HelpKINode Title="IRenderable.Image Property " Url="html/55985495-a9db-207e-2eb9-c1b68db7526e.htm" />
  </HelpKINode>
  <HelpKINode Title="Instance property" Url="html/a73b18c0-76ea-d5d8-f671-ab67ddedb498.htm" />
  <HelpKINode Title="IPiece interface">
    <HelpKINode Title="IPiece Interface" Url="html/2a5f030e-f446-c6bb-c256-8832b05baea9.htm" />
    <HelpKINode Title="about IPiece interface" Url="html/2a5f030e-f446-c6bb-c256-8832b05baea9.htm" />
    <HelpKINode Title="events" Url="html/b84c9fa0-ae23-977a-00fe-6258f123d48c.htm" />
    <HelpKINode Title="methods" Url="html/110e871a-df72-b13e-dc95-697aed00c02c.htm" />
    <HelpKINode Title="properties" Url="html/680c5857-38e6-5fd6-9ab7-1684aff9b8d5.htm" />
  </HelpKINode>
  <HelpKINode Title="IPiece.Coordinates property" Url="html/924ecc19-12be-27c7-a024-57601c14a352.htm" />
  <HelpKINode Title="IPiece.GetNewCoordinates method" Url="html/d62fd3b5-6e74-e105-1d07-6d317f047b1b.htm" />
  <HelpKINode Title="IPiece.ID property" Url="html/5dd1b117-bb49-d633-b5ea-e06666f9ecc6.htm" />
  <HelpKINode Title="IPiece.IsValidMove method" Url="html/7b0113d0-1e3c-b9c9-5cde-d9f340fc352c.htm" />
  <HelpKINode Title="IPiece.Move method" Url="html/72a1d8fb-f0ec-89c7-6af6-993936aa3d62.htm" />
  <HelpKINode Title="IPiece.Moved event" Url="html/8cd1f183-608f-5c8d-8545-b6b083831a05.htm" />
  <HelpKINode Title="IRenderable interface">
    <HelpKINode Title="IRenderable Interface" Url="html/895bccb7-b07a-b8b6-648a-371a1929a451.htm" />
    <HelpKINode Title="about IRenderable interface" Url="html/895bccb7-b07a-b8b6-648a-371a1929a451.htm" />
    <HelpKINode Title="properties" Url="html/213ecd45-ab5d-3b34-7196-3e70640d8f60.htm" />
  </HelpKINode>
  <HelpKINode Title="IRenderable.Image property" Url="html/55985495-a9db-207e-2eb9-c1b68db7526e.htm" />
  <HelpKINode Title="IRenderer interface">
    <HelpKINode Title="IRenderer Interface" Url="html/4266782c-c976-200b-79e2-38955c8c50cd.htm" />
    <HelpKINode Title="about IRenderer interface" Url="html/4266782c-c976-200b-79e2-38955c8c50cd.htm" />
    <HelpKINode Title="methods" Url="html/87ddc58b-6796-45c2-9abc-0579e6316e23.htm" />
  </HelpKINode>
  <HelpKINode Title="IRenderer.ClearScreen method" Url="html/cb147ead-e1fb-6e40-b1fa-c872373a06a9.htm" />
  <HelpKINode Title="IRenderer.Render method" Url="html/ab4464da-b50a-a4d6-2cd2-82c923b98a11.htm" />
  <HelpKINode Title="IRenderer.RenderText method" Url="html/40cdca57-efb5-0859-5f8a-203bf1c76d9c.htm" />
  <HelpKINode Title="IsValidMove method">
    <HelpKINode Title="IPiece.IsValidMove Method " Url="html/7b0113d0-1e3c-b9c9-5cde-d9f340fc352c.htm" />
    <HelpKINode Title="Piece.IsValidMove Method " Url="html/68b918b8-5da9-0e4d-4a74-f3afcc1fc070.htm" />
    <HelpKINode Title="PieceKing.IsValidMove Method " Url="html/8788d822-dcb2-ae74-8c67-1a81b86970ef.htm" />
    <HelpKINode Title="PiecePawn.IsValidMove Method " Url="html/80ba06bf-8034-2491-d048-ddef5fe65b3b.htm" />
  </HelpKINode>
  <HelpKINode Title="KingLooses field" Url="html/3f8f833c-d28b-4fbb-c6f5-6d15043251ba.htm" />
  <HelpKINode Title="KingName field" Url="html/00c7d40b-b0e5-b1cb-fcf0-7325e6d46b0b.htm" />
  <HelpKINode Title="KingStartCol field" Url="html/be32523a-2625-224a-3221-b8c66bbaa723.htm" />
  <HelpKINode Title="KingStartRow field" Url="html/a82c77f4-48d3-028b-c11e-88b58d3e1876.htm" />
  <HelpKINode Title="KingSurvival namespace" Url="html/d647d937-dc56-e77d-ca14-36906be617c9.htm" />
  <HelpKINode Title="KingSurvival.Command class" Url="html/6c8b1408-5645-600c-b424-4f87084dd8e1.htm" />
  <HelpKINode Title="KingSurvival.Coordinate structure" Url="html/a8eccbdc-4620-8e7c-577e-c45c3f36689a.htm" />
  <HelpKINode Title="KingSurvival.Enums namespace" Url="html/4083624a-03ff-384e-406f-083c0fedf621.htm" />
  <HelpKINode Title="KingSurvival.Enums.Moves enumeration" Url="html/99502eb6-faff-a23e-2e59-1b37149ec31a.htm" />
  <HelpKINode Title="KingSurvival.Game class" Url="html/d767f59f-83e0-777a-5a46-7760f70cb172.htm" />
  <HelpKINode Title="KingSurvival.GameBoard class" Url="html/806d1979-851d-da3f-ae0b-6508ae8e8593.htm" />
  <HelpKINode Title="KingSurvival.GameConstants class" Url="html/ed7b8e36-33a3-025b-8b99-65af689b753e.htm" />
  <HelpKINode Title="KingSurvival.GameController class" Url="html/13f112d3-6cb0-ec27-b3bb-0b8493b164d3.htm" />
  <HelpKINode Title="KingSurvival.GameEngine class" Url="html/f225de93-5d77-16f3-6594-8346f2b05c05.htm" />
  <HelpKINode Title="KingSurvival.GameRendererAdaptor class" Url="html/a9462c27-face-6ffb-421a-e0ed9c71d276.htm" />
  <HelpKINode Title="KingSurvival.Interfaces namespace" Url="html/d2fe472b-5db6-fd22-1f56-b2d1763b7afe.htm" />
  <HelpKINode Title="KingSurvival.Interfaces.ICommand interface" Url="html/f3db83fb-29f2-6d14-d351-4e0039d98f85.htm" />
  <HelpKINode Title="KingSurvival.Interfaces.IController interface" Url="html/9378bce4-2263-c613-0490-f4c4feb0bd75.htm" />
  <HelpKINode Title="KingSurvival.Interfaces.ICoordinates interface" Url="html/b71d5324-53a1-5e69-13fa-766f34b17cab.htm" />
  <HelpKINode Title="KingSurvival.Interfaces.IGameBoard interface" Url="html/2192f51d-37e7-212f-679f-4e3163d8bce2.htm" />
  <HelpKINode Title="KingSurvival.Interfaces.IGamePieceFactory interface" Url="html/6e5d1d57-3617-0d9d-7909-01d3bc2b69dd.htm" />
  <HelpKINode Title="KingSurvival.Interfaces.IGamePieceObserver interface" Url="html/b90e5689-d5a5-9c33-6d3c-2b14a78a5233.htm" />
  <HelpKINode Title="KingSurvival.Interfaces.IPiece interface" Url="html/2a5f030e-f446-c6bb-c256-8832b05baea9.htm" />
  <HelpKINode Title="KingSurvival.Interfaces.IRenderable interface" Url="html/895bccb7-b07a-b8b6-648a-371a1929a451.htm" />
  <HelpKINode Title="KingSurvival.Interfaces.IRenderer interface" Url="html/4266782c-c976-200b-79e2-38955c8c50cd.htm" />
  <HelpKINode Title="KingSurvival.LogicPieceMover class" Url="html/fdfbd257-d13c-710c-3de5-87723c16007e.htm" />
  <HelpKINode Title="KingSurvival.LogicPlayer1PieceMover class" Url="html/5246e0ad-2433-4305-f0ec-326b9e697fb6.htm" />
  <HelpKINode Title="KingSurvival.LogicPlayer2PieceMover class" Url="html/1bf5753e-9a1d-d210-d0fb-9865af4ce2d1.htm" />
  <HelpKINode Title="KingSurvival.LogicPlayerPieceMoverBase class" Url="html/17a963fd-6b6e-d412-b8bb-6289c0496cb6.htm" />
  <HelpKINode Title="KingSurvival.MainGame class" Url="html/1b3a6878-1196-c0d4-edba-b73738abe09a.htm" />
  <HelpKINode Title="KingSurvival.PawnsAndKingsFactory class" Url="html/518c996d-ba73-cbe2-a2aa-26811d338729.htm" />
  <HelpKINode Title="KingSurvival.Piece class" Url="html/70615805-6b8b-a12b-4f37-c2a0304caf36.htm" />
  <HelpKINode Title="KingSurvival.PieceKing class" Url="html/96413249-b06c-5d38-a101-107e80ede316.htm" />
  <HelpKINode Title="KingSurvival.PieceMovedDelegate delegate" Url="html/db508f79-4e3f-6bc9-6deb-47b8bc39f8bc.htm" />
  <HelpKINode Title="KingSurvival.PiecePawn class" Url="html/7a422b6c-6929-7ed0-e897-06cad1ed49c5.htm" />
  <HelpKINode Title="KingSurvival.Player1GamePieceBuilder class" Url="html/03bc587b-80cf-0845-6c7e-42996be5cecd.htm" />
  <HelpKINode Title="KingSurvival.Player2GamePieceBuilder class" Url="html/859acaac-cd05-5e65-515b-e3482c57b3b3.htm" />
  <HelpKINode Title="KingSurvival.PlayerGamePieceDirector class" Url="html/440632e9-4bfe-6ef8-d2d1-2fce9ca64c7c.htm" />
  <HelpKINode Title="KingSurvival.PlayersAllGamePiecesCreator class" Url="html/48580794-87e8-1ff9-adeb-1ae384d42427.htm" />
  <HelpKINode Title="KingSurvival.PlayersGamePieceBuilder class" Url="html/376a9034-662a-a43e-b7c2-a9d4e17a6c9f.htm" />
  <HelpKINode Title="KingSurvival.RendererBase class" Url="html/e11b7dd8-d09a-e5a7-950c-e43de17ed6c0.htm" />
  <HelpKINode Title="KingSurvival.RendererConsole class" Url="html/be949567-e216-dd84-9a54-0b5ce45a459f.htm" />
  <HelpKINode Title="KingSurvival.TextRendererDecorator class" Url="html/0d3b6c6d-44d6-c21b-3f3d-023e94e31e0c.htm" />
  <HelpKINode Title="KingSurvival.TextRendererDecoratorBase class" Url="html/02f73c1c-399b-6815-435e-468d8f55b7e4.htm" />
  <HelpKINode Title="KingSurvival.Validator class" Url="html/1d05a009-5157-69e4-546e-ced84037a892.htm" />
  <HelpKINode Title="KingWinsInXTurns field" Url="html/41356448-ea14-c014-784f-f4f0ae1babee.htm" />
  <HelpKINode Title="LogicPieceMover class">
    <HelpKINode Title="LogicPieceMover Class" Url="html/fdfbd257-d13c-710c-3de5-87723c16007e.htm" />
    <HelpKINode Title="about LogicPieceMover class" Url="html/fdfbd257-d13c-710c-3de5-87723c16007e.htm" />
    <HelpKINode Title="constructor" Url="html/0c03f0c7-f718-e8cf-eb34-3629c8c9a01a.htm" />
    <HelpKINode Title="methods" Url="html/7a68f79f-5e1b-b3c1-fc55-370befad5ef4.htm" />
    <HelpKINode Title="properties" Url="html/2826f7f6-de26-7c4e-17fe-6bd16f00ca0a.htm" />
  </HelpKINode>
  <HelpKINode Title="LogicPieceMover.FindPieceToMove method" Url="html/9b18ba8f-f2a3-a86a-bdf9-4fb8e5d9dde4.htm" />
  <HelpKINode Title="LogicPieceMover.LogicPieceMover constructor" Url="html/0c03f0c7-f718-e8cf-eb34-3629c8c9a01a.htm" />
  <HelpKINode Title="LogicPieceMover.PieceMoverStrategy property" Url="html/91e1d0c6-08a8-2b14-143a-738aff6bed1a.htm" />
  <HelpKINode Title="LogicPlayer1PieceMover class">
    <HelpKINode Title="LogicPlayer1PieceMover Class" Url="html/5246e0ad-2433-4305-f0ec-326b9e697fb6.htm" />
    <HelpKINode Title="about LogicPlayer1PieceMover class" Url="html/5246e0ad-2433-4305-f0ec-326b9e697fb6.htm" />
    <HelpKINode Title="constructor" Url="html/86b9ebce-d9c1-f111-252b-efd3a7b00c15.htm" />
    <HelpKINode Title="methods" Url="html/a7197e48-eca0-3a28-9156-75bee2a5ecc2.htm" />
  </HelpKINode>
  <HelpKINode Title="LogicPlayer1PieceMover.FindPieceToMove method" Url="html/33cc84d6-1991-593a-c638-682ab6cb963e.htm" />
  <HelpKINode Title="LogicPlayer1PieceMover.LogicPlayer1PieceMover constructor" Url="html/86b9ebce-d9c1-f111-252b-efd3a7b00c15.htm" />
  <HelpKINode Title="LogicPlayer2PieceMover class">
    <HelpKINode Title="LogicPlayer2PieceMover Class" Url="html/1bf5753e-9a1d-d210-d0fb-9865af4ce2d1.htm" />
    <HelpKINode Title="about LogicPlayer2PieceMover class" Url="html/1bf5753e-9a1d-d210-d0fb-9865af4ce2d1.htm" />
    <HelpKINode Title="constructor" Url="html/249eeb9a-2879-eb17-4a0f-242ff15bd27c.htm" />
    <HelpKINode Title="methods" Url="html/e4ab5103-ab0c-5612-d121-05aec41a59b3.htm" />
  </HelpKINode>
  <HelpKINode Title="LogicPlayer2PieceMover.FindPieceToMove method" Url="html/ec420942-0aa0-5938-531c-ce4bce9a7b04.htm" />
  <HelpKINode Title="LogicPlayer2PieceMover.LogicPlayer2PieceMover constructor" Url="html/249eeb9a-2879-eb17-4a0f-242ff15bd27c.htm" />
  <HelpKINode Title="LogicPlayerPieceMoverBase class">
    <HelpKINode Title="LogicPlayerPieceMoverBase Class" Url="html/17a963fd-6b6e-d412-b8bb-6289c0496cb6.htm" />
    <HelpKINode Title="about LogicPlayerPieceMoverBase class" Url="html/17a963fd-6b6e-d412-b8bb-6289c0496cb6.htm" />
    <HelpKINode Title="constructor" Url="html/b4f2e5bc-6f57-a60a-a08c-3cb9b1f8a8ef.htm" />
    <HelpKINode Title="methods" Url="html/b75cc03c-fc5e-06f7-7413-188e0e61a448.htm" />
  </HelpKINode>
  <HelpKINode Title="LogicPlayerPieceMoverBase.FindPieceToMove method" Url="html/312a997e-5727-5578-cfb4-cb79b5ac58dc.htm" />
  <HelpKINode Title="LogicPlayerPieceMoverBase.LogicPlayerPieceMoverBase constructor" Url="html/b4f2e5bc-6f57-a60a-a08c-3cb9b1f8a8ef.htm" />
  <HelpKINode Title="Main method" Url="html/163ddfe3-3077-7260-911f-2f689f9457d3.htm" />
  <HelpKINode Title="MainGame class">
    <HelpKINode Title="MainGame Class" Url="html/1b3a6878-1196-c0d4-edba-b73738abe09a.htm" />
    <HelpKINode Title="about MainGame class" Url="html/1b3a6878-1196-c0d4-edba-b73738abe09a.htm" />
    <HelpKINode Title="methods" Url="html/4acd3b70-73f2-d544-5059-77cbf4e56bbc.htm" />
  </HelpKINode>
  <HelpKINode Title="MainGame.Main method" Url="html/163ddfe3-3077-7260-911f-2f689f9457d3.htm" />
  <HelpKINode Title="MessageShowTimeMilliseconds field" Url="html/9c311d22-9262-7304-f4ae-3c9ae9c69438.htm" />
  <HelpKINode Title="MessageToPlayerOffset field" Url="html/723fb81f-7fc0-c94a-2f1f-2fc9a7950021.htm" />
  <HelpKINode Title="Move method">
    <HelpKINode Title="IPiece.Move Method " Url="html/72a1d8fb-f0ec-89c7-6af6-993936aa3d62.htm" />
    <HelpKINode Title="Piece.Move Method " Url="html/a4c3a57a-1206-c3f1-63d8-ce4978bea339.htm" />
  </HelpKINode>
  <HelpKINode Title="Move property">
    <HelpKINode Title="Command.Move Property " Url="html/3d339bf5-d079-2f8d-701f-6749568d6fd6.htm" />
    <HelpKINode Title="ICommand.Move Property " Url="html/3576a566-00ef-10a5-3d38-cec48fe203cd.htm" />
  </HelpKINode>
  <HelpKINode Title="Moved event">
    <HelpKINode Title="IPiece.Moved Event" Url="html/8cd1f183-608f-5c8d-8545-b6b083831a05.htm" />
    <HelpKINode Title="Piece.Moved Event" Url="html/79a4a14a-d421-73d4-9b4b-548f48d9455e.htm" />
  </HelpKINode>
  <HelpKINode Title="Moves enumeration" Url="html/99502eb6-faff-a23e-2e59-1b37149ec31a.htm" />
  <HelpKINode Title="Notify method">
    <HelpKINode Title="GameBoard.Notify Method " Url="html/92943965-135f-91ae-9c7b-89d26d43da37.htm" />
    <HelpKINode Title="IGamePieceObserver.Notify Method " Url="html/838c3f6e-629f-2091-d011-6f7031ba233a.htm" />
  </HelpKINode>
  <HelpKINode Title="PawnAName field" Url="html/42134608-7eb8-9208-ed2c-30d65701acae.htm" />
  <HelpKINode Title="PawnAStartCol field" Url="html/289a038a-9b05-b406-b7a8-adaea1979f14.htm" />
  <HelpKINode Title="PawnAStartRow field" Url="html/af49e683-e794-2d5f-4ceb-67eea836e25e.htm" />
  <HelpKINode Title="PawnBName field" Url="html/0efd28b1-ecb4-f1c7-d2d9-27da7bf8e842.htm" />
  <HelpKINode Title="PawnBStartCol field" Url="html/efcbce62-f423-2a70-d653-ef6b4e4a97b9.htm" />
  <HelpKINode Title="PawnBStartRow field" Url="html/7a97b64d-fa5f-02e7-facf-83a40257b7a3.htm" />
  <HelpKINode Title="PawnCName field" Url="html/013a09cd-f958-9127-a3ac-2769147d3e85.htm" />
  <HelpKINode Title="PawnCStartCol field" Url="html/e098207c-4b37-b3b2-6c96-824a2b77f068.htm" />
  <HelpKINode Title="PawnCStartRow field" Url="html/1c77fd63-9f7b-8e42-0a83-eaf04b556605.htm" />
  <HelpKINode Title="PawnDName field" Url="html/64d39684-b456-435b-b86b-042923fbf7e9.htm" />
  <HelpKINode Title="PawnDStartCol field" Url="html/c443dea5-24ff-8c64-a21e-d3634e226d87.htm" />
  <HelpKINode Title="PawnDStartRow field" Url="html/a36745ee-83f0-f7e6-92c5-8a2463c62dbd.htm" />
  <HelpKINode Title="PawnsAndKingsFactory class">
    <HelpKINode Title="PawnsAndKingsFactory Class" Url="html/518c996d-ba73-cbe2-a2aa-26811d338729.htm" />
    <HelpKINode Title="about PawnsAndKingsFactory class" Url="html/518c996d-ba73-cbe2-a2aa-26811d338729.htm" />
    <HelpKINode Title="constructor" Url="html/dacfc9b8-21cb-c97d-d46e-55d17d285e99.htm" />
    <HelpKINode Title="methods" Url="html/e15f17cf-68f5-13c8-b65d-f8a953ecc254.htm" />
  </HelpKINode>
  <HelpKINode Title="PawnsAndKingsFactory.CreatePlayer1Piece method" Url="html/ad77ace8-f2d5-262c-d6a7-afe90bda1ea0.htm" />
  <HelpKINode Title="PawnsAndKingsFactory.CreatePlayer2Piece method" Url="html/7d908951-c976-33f0-ee76-83f8578aae4c.htm" />
  <HelpKINode Title="PawnsAndKingsFactory.PawnsAndKingsFactory constructor" Url="html/dacfc9b8-21cb-c97d-d46e-55d17d285e99.htm" />
  <HelpKINode Title="Piece class">
    <HelpKINode Title="Piece Class" Url="html/70615805-6b8b-a12b-4f37-c2a0304caf36.htm" />
    <HelpKINode Title="about Piece class" Url="html/70615805-6b8b-a12b-4f37-c2a0304caf36.htm" />
    <HelpKINode Title="constructor" Url="html/1e9a47c1-6090-73ab-e19b-433b5e1095da.htm" />
    <HelpKINode Title="events" Url="html/32649f7c-6c0d-bb8c-4908-0b2897313159.htm" />
    <HelpKINode Title="methods" Url="html/e6219011-1d5e-1ece-2db3-6dc33cdd6633.htm" />
    <HelpKINode Title="properties" Url="html/e3fed0f9-49d3-4e98-5472-032dcf973027.htm" />
  </HelpKINode>
  <HelpKINode Title="Piece property" Url="html/d538081c-2211-1eb3-a934-81a3d1029525.htm" />
  <HelpKINode Title="Piece.Coordinates property" Url="html/28ec287d-9165-29a9-c8f4-8d709a47f05e.htm" />
  <HelpKINode Title="Piece.GetNewCoordinates method" Url="html/66a39724-75ba-4e2d-8c9a-c514d868c9dd.htm" />
  <HelpKINode Title="Piece.ID property" Url="html/a45a0c9a-d4eb-21b9-0e5d-8845e3d9b6db.htm" />
  <HelpKINode Title="Piece.IsValidMove method" Url="html/68b918b8-5da9-0e4d-4a74-f3afcc1fc070.htm" />
  <HelpKINode Title="Piece.Move method" Url="html/a4c3a57a-1206-c3f1-63d8-ce4978bea339.htm" />
  <HelpKINode Title="Piece.Moved event" Url="html/79a4a14a-d421-73d4-9b4b-548f48d9455e.htm" />
  <HelpKINode Title="Piece.Piece constructor" Url="html/1e9a47c1-6090-73ab-e19b-433b5e1095da.htm" />
  <HelpKINode Title="PieceKing class">
    <HelpKINode Title="PieceKing Class" Url="html/96413249-b06c-5d38-a101-107e80ede316.htm" />
    <HelpKINode Title="about PieceKing class" Url="html/96413249-b06c-5d38-a101-107e80ede316.htm" />
    <HelpKINode Title="constructor" Url="html/c05c36f8-ad6b-0249-b119-4b472150fff4.htm" />
    <HelpKINode Title="events" Url="html/c9c42039-2c7e-13a2-11ee-50d12d6aeb46.htm" />
    <HelpKINode Title="methods" Url="html/b555cb4a-4547-7d09-80a7-77d7f997cb7a.htm" />
    <HelpKINode Title="properties" Url="html/93f4f2f9-920f-e209-c865-c982d70ddb3a.htm" />
  </HelpKINode>
  <HelpKINode Title="PieceKing.GetNewCoordinates method" Url="html/47dc6b77-7c62-a7c9-464a-e715faf70138.htm" />
  <HelpKINode Title="PieceKing.IsValidMove method" Url="html/8788d822-dcb2-ae74-8c67-1a81b86970ef.htm" />
  <HelpKINode Title="PieceKing.PieceKing constructor" Url="html/c05c36f8-ad6b-0249-b119-4b472150fff4.htm" />
  <HelpKINode Title="PieceMovedDelegate delegate" Url="html/db508f79-4e3f-6bc9-6deb-47b8bc39f8bc.htm" />
  <HelpKINode Title="PieceMoverStrategy property" Url="html/91e1d0c6-08a8-2b14-143a-738aff6bed1a.htm" />
  <HelpKINode Title="PiecePawn class">
    <HelpKINode Title="PiecePawn Class" Url="html/7a422b6c-6929-7ed0-e897-06cad1ed49c5.htm" />
    <HelpKINode Title="about PiecePawn class" Url="html/7a422b6c-6929-7ed0-e897-06cad1ed49c5.htm" />
    <HelpKINode Title="constructor" Url="html/035e3feb-6bd2-1799-a128-838e8357c3e9.htm" />
    <HelpKINode Title="events" Url="html/626b25bc-16cb-8c81-c1c3-a06e32c5d7ff.htm" />
    <HelpKINode Title="methods" Url="html/8c9d624d-bc4a-17a0-dbba-274d5223e782.htm" />
    <HelpKINode Title="properties" Url="html/26193d8b-a2a5-7604-cfb9-bb4c368a76f5.htm" />
  </HelpKINode>
  <HelpKINode Title="PiecePawn.GetNewCoordinates method" Url="html/8a5723f8-653d-2e52-8f2a-4bb390ce50ee.htm" />
  <HelpKINode Title="PiecePawn.IsValidMove method" Url="html/80ba06bf-8034-2491-d048-ddef5fe65b3b.htm" />
  <HelpKINode Title="PiecePawn.PiecePawn constructor" Url="html/035e3feb-6bd2-1799-a128-838e8357c3e9.htm" />
  <HelpKINode Title="Player1GamePieceBuilder class">
    <HelpKINode Title="Player1GamePieceBuilder Class" Url="html/03bc587b-80cf-0845-6c7e-42996be5cecd.htm" />
    <HelpKINode Title="about Player1GamePieceBuilder class" Url="html/03bc587b-80cf-0845-6c7e-42996be5cecd.htm" />
    <HelpKINode Title="constructor" Url="html/5a2413a6-a293-411a-5884-239c1672d4c4.htm" />
    <HelpKINode Title="fields" Url="html/9ecff04f-693e-8a88-8d38-00535b05873d.htm" />
    <HelpKINode Title="methods" Url="html/559d249c-411f-f743-5ec2-d4a164e5e160.htm" />
    <HelpKINode Title="properties" Url="html/5a59371b-fab7-ebc8-283a-e29e3c3e1c39.htm" />
  </HelpKINode>
  <HelpKINode Title="Player1GamePieceBuilder.CreatePiece method" Url="html/3440bde9-5e2b-a908-bec9-7cb032ebc56e.htm" />
  <HelpKINode Title="Player1GamePieceBuilder.GetPiece method" Url="html/40e38086-909c-74be-6d14-7a9b429ce473.htm" />
  <HelpKINode Title="Player1GamePieceBuilder.Player1GamePieceBuilder constructor" Url="html/5a2413a6-a293-411a-5884-239c1672d4c4.htm" />
  <HelpKINode Title="Player1GamePieceBuilder.SetPieceCoordinates method" Url="html/df215d87-e377-f4e4-4e67-7c95e3231bbd.htm" />
  <HelpKINode Title="Player1GamePieceBuilder.SetPieceID method" Url="html/a8d13218-6229-7803-f44a-083321f450d4.htm" />
  <HelpKINode Title="Player1Turn field" Url="html/767b16ad-7601-2390-5ea5-ae6834b9bc48.htm" />
  <HelpKINode Title="Player2GamePieceBuilder class">
    <HelpKINode Title="Player2GamePieceBuilder Class" Url="html/859acaac-cd05-5e65-515b-e3482c57b3b3.htm" />
    <HelpKINode Title="about Player2GamePieceBuilder class" Url="html/859acaac-cd05-5e65-515b-e3482c57b3b3.htm" />
    <HelpKINode Title="constructor" Url="html/3b7f3779-5f78-15f0-3a84-dd93111fe86f.htm" />
    <HelpKINode Title="fields" Url="html/369a1552-344f-0140-5829-f8f8eb48be21.htm" />
    <HelpKINode Title="methods" Url="html/1380b7fc-8e1a-6ef3-4a6b-6420aa56a83c.htm" />
    <HelpKINode Title="properties" Url="html/f3a119b9-120f-e767-53a9-bbe6ce9aa3d5.htm" />
  </HelpKINode>
  <HelpKINode Title="Player2GamePieceBuilder.CreatePiece method" Url="html/85e96558-1c92-d30f-0052-63c779fe1018.htm" />
  <HelpKINode Title="Player2GamePieceBuilder.GetPiece method" Url="html/35e4d11e-0d5c-7054-ec80-098c585188b5.htm" />
  <HelpKINode Title="Player2GamePieceBuilder.Player2GamePieceBuilder constructor" Url="html/3b7f3779-5f78-15f0-3a84-dd93111fe86f.htm" />
  <HelpKINode Title="Player2GamePieceBuilder.SetPieceCoordinates method" Url="html/9fe076a9-9d86-1bc6-76d0-bdfa530fa68b.htm" />
  <HelpKINode Title="Player2GamePieceBuilder.SetPieceID method" Url="html/63ee28e1-fc6d-a5e6-e32a-634b0f416ca1.htm" />
  <HelpKINode Title="Player2Turn field" Url="html/2c15f76f-9294-9b4a-6130-35e69c841d44.htm" />
  <HelpKINode Title="PlayerGamePieceDirector class">
    <HelpKINode Title="PlayerGamePieceDirector Class" Url="html/440632e9-4bfe-6ef8-d2d1-2fce9ca64c7c.htm" />
    <HelpKINode Title="about PlayerGamePieceDirector class" Url="html/440632e9-4bfe-6ef8-d2d1-2fce9ca64c7c.htm" />
    <HelpKINode Title="constructor" Url="html/22799eb5-8912-7cc0-060c-683755f07b49.htm" />
    <HelpKINode Title="methods" Url="html/e1025820-fa23-1416-43fc-012d91f0ebef.htm" />
  </HelpKINode>
  <HelpKINode Title="PlayerGamePieceDirector.CreateGamePiece method" Url="html/8a3011dd-e4c0-5958-6709-1d29c88fc052.htm" />
  <HelpKINode Title="PlayerGamePieceDirector.GetGamePiece method" Url="html/aef5a653-6c5d-67b3-4020-fe69d20d04dc.htm" />
  <HelpKINode Title="PlayerGamePieceDirector.PlayerGamePieceDirector constructor" Url="html/22799eb5-8912-7cc0-060c-683755f07b49.htm" />
  <HelpKINode Title="PlayersAllGamePiecesCreator class">
    <HelpKINode Title="PlayersAllGamePiecesCreator Class" Url="html/48580794-87e8-1ff9-adeb-1ae384d42427.htm" />
    <HelpKINode Title="about PlayersAllGamePiecesCreator class" Url="html/48580794-87e8-1ff9-adeb-1ae384d42427.htm" />
    <HelpKINode Title="constructor" Url="html/5c2090f2-0367-afe6-3bb8-d442f3cbb7e5.htm" />
    <HelpKINode Title="methods" Url="html/b0de0d47-9042-40dd-0ceb-1fcde6bd829a.htm" />
  </HelpKINode>
  <HelpKINode Title="PlayersAllGamePiecesCreator.CreateGamePieces method" Url="html/a20f2041-b642-72f7-e2eb-020d08f1bb38.htm" />
  <HelpKINode Title="PlayersAllGamePiecesCreator.PlayersAllGamePiecesCreator constructor" Url="html/5c2090f2-0367-afe6-3bb8-d442f3cbb7e5.htm" />
  <HelpKINode Title="PlayersGamePieceBuilder class">
    <HelpKINode Title="PlayersGamePieceBuilder Class" Url="html/376a9034-662a-a43e-b7c2-a9d4e17a6c9f.htm" />
    <HelpKINode Title="about PlayersGamePieceBuilder class" Url="html/376a9034-662a-a43e-b7c2-a9d4e17a6c9f.htm" />
    <HelpKINode Title="constructor" Url="html/593d3625-9d88-d8dc-a8f2-1ec653797b38.htm" />
    <HelpKINode Title="fields" Url="html/65712220-845c-9ff3-8ef3-c72728ae1206.htm" />
    <HelpKINode Title="methods" Url="html/b54ea598-64bf-1d74-6cbe-59f9f6b3b6be.htm" />
    <HelpKINode Title="properties" Url="html/e04ace4b-8f5a-3409-b3c5-a89302092924.htm" />
  </HelpKINode>
  <HelpKINode Title="PlayersGamePieceBuilder.CreatePiece method" Url="html/2a5df429-c00f-c291-92eb-62e338b59553.htm" />
  <HelpKINode Title="PlayersGamePieceBuilder.Factory field" Url="html/1f417ccd-1af2-e8eb-35bf-42cd9633787b.htm" />
  <HelpKINode Title="PlayersGamePieceBuilder.GetPiece method" Url="html/3a275d4a-d870-2423-0956-29646aa07edb.htm" />
  <HelpKINode Title="PlayersGamePieceBuilder.Piece property" Url="html/d538081c-2211-1eb3-a934-81a3d1029525.htm" />
  <HelpKINode Title="PlayersGamePieceBuilder.PlayersGamePieceBuilder constructor" Url="html/593d3625-9d88-d8dc-a8f2-1ec653797b38.htm" />
  <HelpKINode Title="PlayersGamePieceBuilder.SetPieceCoordinates method" Url="html/f79db861-5270-6c43-eded-81727ecab334.htm" />
  <HelpKINode Title="PlayersGamePieceBuilder.SetPieceID method" Url="html/be1ccf73-ee6f-1ae9-f3ac-37e451c1683c.htm" />
  <HelpKINode Title="PlayfieldSize property">
    <HelpKINode Title="GameBoard.PlayfieldSize Property " Url="html/45d4c50d-bc7c-780a-b7a4-008c6d1759a4.htm" />
    <HelpKINode Title="IGameBoard.PlayfieldSize Property " Url="html/908cd84a-729b-ef5a-616c-4a0db01e2019.htm" />
  </HelpKINode>
  <HelpKINode Title="PressAnyKey method">
    <HelpKINode Title="GameController.PressAnyKey Method " Url="html/94a085cd-21c9-70c2-1012-ca80e31e9d88.htm" />
    <HelpKINode Title="IController.PressAnyKey Method " Url="html/a36b0f23-0f7b-9fb7-ab30-7a615fceab2b.htm" />
  </HelpKINode>
  <HelpKINode Title="Render method">
    <HelpKINode Title="GameRendererAdaptor.Render Method " Url="html/b8fefa10-2822-aa0d-b75a-c961f3ef25a0.htm" />
    <HelpKINode Title="IRenderer.Render Method " Url="html/ab4464da-b50a-a4d6-2cd2-82c923b98a11.htm" />
    <HelpKINode Title="RendererBase.Render Method " Url="html/092add9c-c924-48e7-cd35-7ca42ca71071.htm" />
    <HelpKINode Title="RendererConsole.Render Method " Url="html/72004f2d-5cb1-74dd-5874-bfd9018a0e18.htm" />
    <HelpKINode Title="TextRendererDecoratorBase.Render Method " Url="html/1ea9bed2-61b6-435f-8ad0-4a1983dc401a.htm" />
  </HelpKINode>
  <HelpKINode Title="RendererBase class">
    <HelpKINode Title="RendererBase Class" Url="html/e11b7dd8-d09a-e5a7-950c-e43de17ed6c0.htm" />
    <HelpKINode Title="about RendererBase class" Url="html/e11b7dd8-d09a-e5a7-950c-e43de17ed6c0.htm" />
    <HelpKINode Title="constructor" Url="html/6a3d3e2b-f418-c9a8-35da-d583ed50191f.htm" />
    <HelpKINode Title="methods" Url="html/0b7b3c39-290d-147d-d9d8-020721d95b7a.htm" />
  </HelpKINode>
  <HelpKINode Title="RendererBase.ClearScreen method" Url="html/499ba782-70c6-8277-8242-42a2af126b24.htm" />
  <HelpKINode Title="RendererBase.Render method" Url="html/092add9c-c924-48e7-cd35-7ca42ca71071.htm" />
  <HelpKINode Title="RendererBase.RendererBase constructor" Url="html/6a3d3e2b-f418-c9a8-35da-d583ed50191f.htm" />
  <HelpKINode Title="RendererConsole class">
    <HelpKINode Title="RendererConsole Class" Url="html/be949567-e216-dd84-9a54-0b5ce45a459f.htm" />
    <HelpKINode Title="about RendererConsole class" Url="html/be949567-e216-dd84-9a54-0b5ce45a459f.htm" />
    <HelpKINode Title="constructor" Url="html/9120c9e4-efba-cdf4-4af5-2dff668ef13a.htm" />
    <HelpKINode Title="methods" Url="html/24897cc8-2df5-8b27-a3b0-7971db5e580f.htm" />
  </HelpKINode>
  <HelpKINode Title="RendererConsole.ClearScreen method" Url="html/54b4fe2a-9271-c6d4-cda6-8624b162858b.htm" />
  <HelpKINode Title="RendererConsole.Render method" Url="html/72004f2d-5cb1-74dd-5874-bfd9018a0e18.htm" />
  <HelpKINode Title="RendererConsole.RendererConsole constructor" Url="html/9120c9e4-efba-cdf4-4af5-2dff668ef13a.htm" />
  <HelpKINode Title="RenderText method">
    <HelpKINode Title="GameRendererAdaptor.RenderText Method " Url="html/c30bafe9-217d-7cfd-aa42-15d726bf3e8c.htm" />
    <HelpKINode Title="IRenderer.RenderText Method " Url="html/40cdca57-efb5-0859-5f8a-203bf1c76d9c.htm" />
    <HelpKINode Title="TextRendererDecorator.RenderText Method " Url="html/6c1b18f7-102a-cbda-2653-1f4b0000f41c.htm" />
    <HelpKINode Title="TextRendererDecoratorBase.RenderText Method " Url="html/ecce8853-43ec-db76-0f34-325c89c21a75.htm" />
  </HelpKINode>
  <HelpKINode Title="SetPieceCoordinates method">
    <HelpKINode Title="Player1GamePieceBuilder.SetPieceCoordinates Method " Url="html/df215d87-e377-f4e4-4e67-7c95e3231bbd.htm" />
    <HelpKINode Title="Player2GamePieceBuilder.SetPieceCoordinates Method " Url="html/9fe076a9-9d86-1bc6-76d0-bdfa530fa68b.htm" />
    <HelpKINode Title="PlayersGamePieceBuilder.SetPieceCoordinates Method " Url="html/f79db861-5270-6c43-eded-81727ecab334.htm" />
  </HelpKINode>
  <HelpKINode Title="SetPieceID method">
    <HelpKINode Title="Player1GamePieceBuilder.SetPieceID Method " Url="html/a8d13218-6229-7803-f44a-083321f450d4.htm" />
    <HelpKINode Title="Player2GamePieceBuilder.SetPieceID Method " Url="html/63ee28e1-fc6d-a5e6-e32a-634b0f416ca1.htm" />
    <HelpKINode Title="PlayersGamePieceBuilder.SetPieceID Method " Url="html/be1ccf73-ee6f-1ae9-f3ac-37e451c1683c.htm" />
  </HelpKINode>
  <HelpKINode Title="Start method" Url="html/6600b312-dae2-7e3b-d4d4-e925535dbf4a.htm" />
  <HelpKINode Title="StartGame method" Url="html/ffe7e2d5-f287-3f54-f6eb-46abad63ace0.htm" />
  <HelpKINode Title="TargetID property">
    <HelpKINode Title="Command.TargetID Property " Url="html/401e6399-a13f-8063-1e24-5b7b449ed110.htm" />
    <HelpKINode Title="ICommand.TargetID Property " Url="html/dd5d9d50-3363-dc26-195f-ad35135afdca.htm" />
  </HelpKINode>
  <HelpKINode Title="TextRendererDecorator class">
    <HelpKINode Title="TextRendererDecorator Class" Url="html/0d3b6c6d-44d6-c21b-3f3d-023e94e31e0c.htm" />
    <HelpKINode Title="about TextRendererDecorator class" Url="html/0d3b6c6d-44d6-c21b-3f3d-023e94e31e0c.htm" />
    <HelpKINode Title="constructor" Url="html/feba623e-d04a-4390-078b-d87274839eaa.htm" />
    <HelpKINode Title="methods" Url="html/fb16b356-c6d3-c659-c3df-2413a5eb227f.htm" />
  </HelpKINode>
  <HelpKINode Title="TextRendererDecorator.RenderText method" Url="html/6c1b18f7-102a-cbda-2653-1f4b0000f41c.htm" />
  <HelpKINode Title="TextRendererDecorator.TextRendererDecorator constructor" Url="html/feba623e-d04a-4390-078b-d87274839eaa.htm" />
  <HelpKINode Title="TextRendererDecoratorBase class">
    <HelpKINode Title="TextRendererDecoratorBase Class" Url="html/02f73c1c-399b-6815-435e-468d8f55b7e4.htm" />
    <HelpKINode Title="about TextRendererDecoratorBase class" Url="html/02f73c1c-399b-6815-435e-468d8f55b7e4.htm" />
    <HelpKINode Title="constructor" Url="html/24fcac0c-b602-0880-124f-e937b5aec182.htm" />
    <HelpKINode Title="methods" Url="html/adf4247a-fccb-6303-611c-7eb1736894d0.htm" />
  </HelpKINode>
  <HelpKINode Title="TextRendererDecoratorBase.ClearScreen method" Url="html/052ce753-7451-e438-c3c4-0c132e645274.htm" />
  <HelpKINode Title="TextRendererDecoratorBase.Render method" Url="html/1ea9bed2-61b6-435f-8ad0-4a1983dc401a.htm" />
  <HelpKINode Title="TextRendererDecoratorBase.RenderText method" Url="html/ecce8853-43ec-db76-0f34-325c89c21a75.htm" />
  <HelpKINode Title="TextRendererDecoratorBase.TextRendererDecoratorBase constructor" Url="html/24fcac0c-b602-0880-124f-e937b5aec182.htm" />
  <HelpKINode Title="UpLeft enumeration member" Url="html/99502eb6-faff-a23e-2e59-1b37149ec31a.htm" />
  <HelpKINode Title="UpRight enumeration member" Url="html/99502eb6-faff-a23e-2e59-1b37149ec31a.htm" />
  <HelpKINode Title="Validator class">
    <HelpKINode Title="Validator Class" Url="html/1d05a009-5157-69e4-546e-ced84037a892.htm" />
    <HelpKINode Title="about Validator class" Url="html/1d05a009-5157-69e4-546e-ced84037a892.htm" />
    <HelpKINode Title="methods" Url="html/0b833f12-b450-67e5-0738-28b0d8ab6a60.htm" />
  </HelpKINode>
  <HelpKINode Title="Validator.CheckCharIsNotLetter method" Url="html/0bdd990d-22d8-b53e-dd43-6e6bb23677bc.htm" />
  <HelpKINode Title="Validator.CheckStringNullOrEmpty method" Url="html/f7540854-e8b5-8e5a-4d79-957dd68bdf1a.htm" />
  <HelpKINode Title="Validator.CheckStringNullOrWhiteSpace method" Url="html/f6d98272-3015-47ea-5cef-5f33b3be8766.htm" />
  <HelpKINode Title="Validator.CheckValueIsNull method" Url="html/28932aeb-80af-de47-9078-aa670a8725e2.htm" />
  <HelpKINode Title="Width property">
    <HelpKINode Title="GameBoard.Width Property " Url="html/785fc928-f51b-c2cc-de04-20c48f221e01.htm" />
    <HelpKINode Title="IGameBoard.Width Property " Url="html/be4ac7cb-e0ff-26b0-8213-5e5c2181b44f.htm" />
  </HelpKINode>
  <HelpKINode Title="X property">
    <HelpKINode Title="Coordinate.X Property " Url="html/96b45cec-3c6d-1b4e-99a2-dbf3b052e4b9.htm" />
    <HelpKINode Title="ICoordinates.X Property " Url="html/31be4f61-8ba3-2fd8-06a9-97a8f1c29ffd.htm" />
  </HelpKINode>
  <HelpKINode Title="Y property">
    <HelpKINode Title="Coordinate.Y Property " Url="html/175a21cf-3388-9d1f-a260-a7cc88b7afdf.htm" />
    <HelpKINode Title="ICoordinates.Y Property " Url="html/ac386b04-e0da-fc0f-7347-bd6b7e1bfc24.htm" />
  </HelpKINode>
</HelpKI>
