﻿<?xml version="1.0" encoding="utf-8"?><HelpTOCNode Title="GameConstants Fields" Url="html/358e7c5c-c356-8339-c4b6-aba7342640c0.htm"><HelpTOCNode Title="BlankMessage Field" Url="html/1d4d7f68-4fd4-b7ac-6fc6-4cc48562c9bd.htm" /><HelpTOCNode Title="CommandMoveDownLeft Field" Url="html/9d8acea6-6df5-ab49-7f2c-4f54d0bed02a.htm" /><HelpTOCNode Title="CommandMoveDownRight Field" Url="html/1d48eb49-5b5a-972d-4dcc-d47ed3f42e4f.htm" /><HelpTOCNode Title="CommandMoveUpLeft Field" Url="html/9b98a648-0b26-c572-b801-1bb1a45615b8.htm" /><HelpTOCNode Title="CommandMoveUpRight Field" Url="html/d752ae2a-9cee-7d84-84ad-c643f6067b3d.htm" /><HelpTOCNode Title="IllegalMove Field" Url="html/e49882f8-bf06-1873-5191-e0eb4bf81b50.htm" /><HelpTOCNode Title="KingLooses Field" Url="html/3f8f833c-d28b-4fbb-c6f5-6d15043251ba.htm" /><HelpTOCNode Title="KingName Field" Url="html/00c7d40b-b0e5-b1cb-fcf0-7325e6d46b0b.htm" /><HelpTOCNode Title="KingStartCol Field" Url="html/be32523a-2625-224a-3221-b8c66bbaa723.htm" /><HelpTOCNode Title="KingStartRow Field" Url="html/a82c77f4-48d3-028b-c11e-88b58d3e1876.htm" /><HelpTOCNode Title="KingWinsInXTurns Field" Url="html/41356448-ea14-c014-784f-f4f0ae1babee.htm" /><HelpTOCNode Title="MessageShowTimeMilliseconds Field" Url="html/9c311d22-9262-7304-f4ae-3c9ae9c69438.htm" /><HelpTOCNode Title="MessageToPlayerOffset Field" Url="html/723fb81f-7fc0-c94a-2f1f-2fc9a7950021.htm" /><HelpTOCNode Title="PawnAName Field" Url="html/42134608-7eb8-9208-ed2c-30d65701acae.htm" /><HelpTOCNode Title="PawnAStartCol Field" Url="html/289a038a-9b05-b406-b7a8-adaea1979f14.htm" /><HelpTOCNode Title="PawnAStartRow Field" Url="html/af49e683-e794-2d5f-4ceb-67eea836e25e.htm" /><HelpTOCNode Title="PawnBName Field" Url="html/0efd28b1-ecb4-f1c7-d2d9-27da7bf8e842.htm" /><HelpTOCNode Title="PawnBStartCol Field" Url="html/efcbce62-f423-2a70-d653-ef6b4e4a97b9.htm" /><HelpTOCNode Title="PawnBStartRow Field" Url="html/7a97b64d-fa5f-02e7-facf-83a40257b7a3.htm" /><HelpTOCNode Title="PawnCName Field" Url="html/013a09cd-f958-9127-a3ac-2769147d3e85.htm" /><HelpTOCNode Title="PawnCStartCol Field" Url="html/e098207c-4b37-b3b2-6c96-824a2b77f068.htm" /><HelpTOCNode Title="PawnCStartRow Field" Url="html/1c77fd63-9f7b-8e42-0a83-eaf04b556605.htm" /><HelpTOCNode Title="PawnDName Field" Url="html/64d39684-b456-435b-b86b-042923fbf7e9.htm" /><HelpTOCNode Title="PawnDStartCol Field" Url="html/c443dea5-24ff-8c64-a21e-d3634e226d87.htm" /><HelpTOCNode Title="PawnDStartRow Field" Url="html/a36745ee-83f0-f7e6-92c5-8a2463c62dbd.htm" /><HelpTOCNode Title="Player1Turn Field" Url="html/767b16ad-7601-2390-5ea5-ae6834b9bc48.htm" /><HelpTOCNode Title="Player2Turn Field" Url="html/2c15f76f-9294-9b4a-6130-35e69c841d44.htm" /></HelpTOCNode>