﻿<?xml version="1.0" encoding="utf-8"?><HelpTOCNode Title="KingSurvival.Interfaces" Url="html/d2fe472b-5db6-fd22-1f56-b2d1763b7afe.htm"><HelpTOCNode Title="ICommand Interface" Url="html/f3db83fb-29f2-6d14-d351-4e0039d98f85.htm" HasChildren="true" /><HelpTOCNode Title="IController Interface" Url="html/9378bce4-2263-c613-0490-f4c4feb0bd75.htm" HasChildren="true" /><HelpTOCNode Title="ICoordinates Interface" Url="html/b71d5324-53a1-5e69-13fa-766f34b17cab.htm" HasChildren="true" /><HelpTOCNode Title="IGameBoard Interface" Url="html/2192f51d-37e7-212f-679f-4e3163d8bce2.htm" HasChildren="true" /><HelpTOCNode Title="IGamePieceFactory Interface" Url="html/6e5d1d57-3617-0d9d-7909-01d3bc2b69dd.htm" HasChildren="true" /><HelpTOCNode Title="IGamePieceObserver Interface" Url="html/b90e5689-d5a5-9c33-6d3c-2b14a78a5233.htm" HasChildren="true" /><HelpTOCNode Title="IPiece Interface" Url="html/2a5f030e-f446-c6bb-c256-8832b05baea9.htm" HasChildren="true" /><HelpTOCNode Title="IRenderable Interface" Url="html/895bccb7-b07a-b8b6-648a-371a1929a451.htm" HasChildren="true" /><HelpTOCNode Title="IRenderer Interface" Url="html/4266782c-c976-200b-79e2-38955c8c50cd.htm" HasChildren="true" /></HelpTOCNode>