﻿<?xml version="1.0" encoding="utf-8"?><HelpTOCNode Title="KingSurvival" Url="html/d647d937-dc56-e77d-ca14-36906be617c9.htm"><HelpTOCNode Title="Command Class" Url="html/6c8b1408-5645-600c-b424-4f87084dd8e1.htm" HasChildren="true" /><HelpTOCNode Title="Coordinate Structure" Url="html/a8eccbdc-4620-8e7c-577e-c45c3f36689a.htm" HasChildren="true" /><HelpTOCNode Title="Game Class" Url="html/d767f59f-83e0-777a-5a46-7760f70cb172.htm" HasChildren="true" /><HelpTOCNode Title="GameBoard Class" Url="html/806d1979-851d-da3f-ae0b-6508ae8e8593.htm" HasChildren="true" /><HelpTOCNode Title="GameConstants Class" Url="html/ed7b8e36-33a3-025b-8b99-65af689b753e.htm" HasChildren="true" /><HelpTOCNode Title="GameController Class" Url="html/13f112d3-6cb0-ec27-b3bb-0b8493b164d3.htm" HasChildren="true" /><HelpTOCNode Title="GameEngine Class" Url="html/f225de93-5d77-16f3-6594-8346f2b05c05.htm" HasChildren="true" /><HelpTOCNode Title="GameRendererAdaptor Class" Url="html/a9462c27-face-6ffb-421a-e0ed9c71d276.htm" HasChildren="true" /><HelpTOCNode Title="LogicPieceMover Class" Url="html/fdfbd257-d13c-710c-3de5-87723c16007e.htm" HasChildren="true" /><HelpTOCNode Title="LogicPlayer1PieceMover Class" Url="html/5246e0ad-2433-4305-f0ec-326b9e697fb6.htm" HasChildren="true" /><HelpTOCNode Title="LogicPlayer2PieceMover Class" Url="html/1bf5753e-9a1d-d210-d0fb-9865af4ce2d1.htm" HasChildren="true" /><HelpTOCNode Title="LogicPlayerPieceMoverBase Class" Url="html/17a963fd-6b6e-d412-b8bb-6289c0496cb6.htm" HasChildren="true" /><HelpTOCNode Title="MainGame Class" Url="html/1b3a6878-1196-c0d4-edba-b73738abe09a.htm" HasChildren="true" /><HelpTOCNode Title="PawnsAndKingsFactory Class" Url="html/518c996d-ba73-cbe2-a2aa-26811d338729.htm" HasChildren="true" /><HelpTOCNode Title="Piece Class" Url="html/70615805-6b8b-a12b-4f37-c2a0304caf36.htm" HasChildren="true" /><HelpTOCNode Title="PieceKing Class" Url="html/96413249-b06c-5d38-a101-107e80ede316.htm" HasChildren="true" /><HelpTOCNode Title="PieceMovedDelegate Delegate" Url="html/db508f79-4e3f-6bc9-6deb-47b8bc39f8bc.htm" /><HelpTOCNode Title="PiecePawn Class" Url="html/7a422b6c-6929-7ed0-e897-06cad1ed49c5.htm" HasChildren="true" /><HelpTOCNode Title="Player1GamePieceBuilder Class" Url="html/03bc587b-80cf-0845-6c7e-42996be5cecd.htm" HasChildren="true" /><HelpTOCNode Title="Player2GamePieceBuilder Class" Url="html/859acaac-cd05-5e65-515b-e3482c57b3b3.htm" HasChildren="true" /><HelpTOCNode Title="PlayerGamePieceDirector Class" Url="html/440632e9-4bfe-6ef8-d2d1-2fce9ca64c7c.htm" HasChildren="true" /><HelpTOCNode Title="PlayersAllGamePiecesCreator Class" Url="html/48580794-87e8-1ff9-adeb-1ae384d42427.htm" HasChildren="true" /><HelpTOCNode Title="PlayersGamePieceBuilder Class" Url="html/376a9034-662a-a43e-b7c2-a9d4e17a6c9f.htm" HasChildren="true" /><HelpTOCNode Title="RendererBase Class" Url="html/e11b7dd8-d09a-e5a7-950c-e43de17ed6c0.htm" HasChildren="true" /><HelpTOCNode Title="RendererConsole Class" Url="html/be949567-e216-dd84-9a54-0b5ce45a459f.htm" HasChildren="true" /><HelpTOCNode Title="TextRendererDecorator Class" Url="html/0d3b6c6d-44d6-c21b-3f3d-023e94e31e0c.htm" HasChildren="true" /><HelpTOCNode Title="TextRendererDecoratorBase Class" Url="html/02f73c1c-399b-6815-435e-468d8f55b7e4.htm" HasChildren="true" /><HelpTOCNode Title="Validator Class" Url="html/1d05a009-5157-69e4-546e-ced84037a892.htm" HasChildren="true" /></HelpTOCNode>